{"stats":{"minecraft:dropped":{"minecraft:wheat_seeds":2,"securitycraft:keypad_door_item":64},"minecraft:mined":{"minecraft:tall_grass":13,"minecraft:grass":15,"minecraft:grass_block":3},"minecraft:used":{"minecraft:dirt":3,"securitycraft:keypad_door_item":1,"securitycraft:keypad_item":1},"minecraft:picked_up":{"minecraft:wheat_seeds":3,"minecraft:dirt":3},"minecraft:custom":{"minecraft:jump":49,"minecraft:time_since_rest":14103,"minecraft:damage_dealt":159,"minecraft:leave_game":2,"minecraft:play_time":14103,"minecraft:sprint_one_cm":6954,"minecraft:time_since_death":14103,"minecraft:walk_one_cm":8473,"minecraft:sneak_time":23,"minecraft:total_world_time":14103,"minecraft:drop":3,"minecraft:fly_one_cm":21623}},"DataVersion":3465}