{"stats":{"minecraft:used":{"minecraft:wooden_axe":1,"minecraft:netherite_sword":2,"minecraft:dirt":3,"securitycraft:keypad_item":1,"securitycraft:keypad_door_item":1,"minecraft:spruce_log":12},"minecraft:killed":{"minecraft:sheep":2,"minecraft:skeleton":1},"minecraft:custom":{"minecraft:time_since_rest":43279,"minecraft:sprint_one_cm":16411,"minecraft:play_time":43279,"minecraft:damage_taken":170,"minecraft:walk_one_cm":18839,"minecraft:sneak_time":43,"minecraft:walk_under_water_one_cm":734,"minecraft:mob_kills":3,"minecraft:drop":5,"minecraft:jump":130,"minecraft:damage_dealt":672,"minecraft:leave_game":3,"minecraft:time_since_death":43279,"minecraft:walk_on_water_one_cm":407,"minecraft:total_world_time":43279,"minecraft:swim_one_cm":396,"minecraft:fall_one_cm":209,"minecraft:fly_one_cm":40583},"minecraft:dropped":{"minecraft:spruce_log":64,"minecraft:arrow":1,"minecraft:wheat_seeds":2,"securitycraft:keypad_door_item":64},"minecraft:picked_up":{"minecraft:arrow":1,"minecraft:wheat_seeds":3,"minecraft:gray_wool":1,"minecraft:light_gray_wool":1,"minecraft:mutton":2,"minecraft:dirt":3},"minecraft:mined":{"minecraft:grass":17,"minecraft:grass_block":3,"minecraft:tall_grass":13}},"DataVersion":3465}