{"stats":{"minecraft:picked_up":{"minecraft:wheat_seeds":2,"minecraft:dirt":3},"minecraft:dropped":{"minecraft:wheat_seeds":2},"minecraft:custom":{"minecraft:jump":18,"minecraft:time_since_rest":1315,"minecraft:leave_game":1,"minecraft:sprint_one_cm":3094,"minecraft:play_time":1315,"minecraft:time_since_death":1315,"minecraft:walk_one_cm":3091,"minecraft:total_world_time":1315,"minecraft:drop":2,"minecraft:fly_one_cm":4612},"minecraft:used":{"minecraft:dirt":3},"minecraft:mined":{"minecraft:tall_grass":13,"minecraft:grass":15,"minecraft:grass_block":3}},"DataVersion":3465}